item,bill_year,bill_month,date_peak,scale_5k,minutes,fuel_cell,meter,total
1,2018,Jul,7/13/2018,121,15,22,33,55
2,2018,Jul,7/13/2018,121,30,22,32,54
3,2018,Jul,7/13/2018,121,45,22,32,54
4,2018,Jul,7/13/2018,121,60,22,32,54
5,2018,Jul,7/13/2018,121,75,22,32,54
6,2018,Jul,7/13/2018,121,90,22,32,54
7,2018,Jul,7/13/2018,121,105,22,31.5,53.5
8,2018,Jul,7/13/2018,121,120,22,31,53
9,2018,Jul,7/13/2018,121,135,22,31,53
10,2018,Jul,7/13/2018,121,150,22,30,52
11,2018,Jul,7/13/2018,121,165,22,29.5,51.5
12,2018,Jul,7/13/2018,121,180,22,29.5,51.5
13,2018,Jul,7/13/2018,121,195,22,30,52
14,2018,Jul,7/13/2018,121,210,22,29.5,51.5
15,2018,Jul,7/13/2018,121,225,22,30,52
16,2018,Jul,7/13/2018,121,240,22,29,51
17,2018,Jul,7/13/2018,121,255,22,31,53
18,2018,Jul,7/13/2018,121,270,22,31,53
19,2018,Jul,7/13/2018,121,285,22,31,53
20,2018,Jul,7/13/2018,121,300,22,32.5,54.5
21,2018,Jul,7/13/2018,121,315,22,34,56
22,2018,Jul,7/13/2018,121,330,22,32.5,54.5
23,2018,Jul,7/13/2018,121,345,22,34,56
24,2018,Jul,7/13/2018,121,360,22,34,56
25,2018,Jul,7/13/2018,121,375,22,38,60
26,2018,Jul,7/13/2018,121,390,22,39,61
27,2018,Jul,7/13/2018,121,405,22,44.5,66.5
28,2018,Jul,7/13/2018,121,420,22,48,70
29,2018,Jul,7/13/2018,121,435,22,51,73
30,2018,Jul,7/13/2018,121,450,22,52,75
31,2018,Jul,7/13/2018,121,465,10,69.5,87
32,2018,Jul,7/13/2018,121,480,0,63.5,65
33,2018,Jul,7/13/2018,121,495,0,0,3
34,2018,Jul,7/13/2018,121,510,0,30,33.5
35,2018,Jul,7/13/2018,121,525,0,81.5,86.5
36,2018,Jul,7/13/2018,121,540,0,83,88
37,2018,Jul,7/13/2018,121,555,0,80,86
38,2018,Jul,7/13/2018,121,570,0,80,89
39,2018,Jul,7/13/2018,121,585,0,79.5,91
40,2018,Jul,7/13/2018,121,600,0,77.5,90.5
41,2018,Jul,7/13/2018,121,615,0,76,90
42,2018,Jul,7/13/2018,121,630,0,76,92
43,2018,Jul,7/13/2018,121,645,0,76.5,93
44,2018,Jul,7/13/2018,121,660,0,77.5,95
45,2018,Jul,7/13/2018,121,675,0,79,97
46,2018,Jul,7/13/2018,121,690,0,75,94
47,2018,Jul,7/13/2018,121,705,0,75.5,94
48,2018,Jul,7/13/2018,121,720,0,76,96
49,2018,Jul,7/13/2018,121,735,0,75,95
50,2018,Jul,7/13/2018,121,750,0,79,99
51,2018,Jul,7/13/2018,121,765,0,75,96
52,2018,Jul,7/13/2018,121,780,0,73.5,94
53,2018,Jul,7/13/2018,121,795,0,75.5,96
54,2018,Jul,7/13/2018,121,810,0,77,98
55,2018,Jul,7/13/2018,121,825,0,74,93
56,2018,Jul,7/13/2018,121,840,0,74,94
57,2018,Jul,7/13/2018,121,855,0,75.5,95
58,2018,Jul,7/13/2018,121,870,0,76,94
59,2018,Jul,7/13/2018,121,885,0,75,91.5
60,2018,Jul,7/13/2018,121,900,0,76.5,93.5
61,2018,Jul,7/13/2018,121,915,0,74,90
62,2018,Jul,7/13/2018,121,930,0,73,90
63,2018,Jul,7/13/2018,121,945,0,73,90
64,2018,Jul,7/13/2018,121,960,0,77,93
65,2018,Jul,7/13/2018,121,975,0,76,90.5
66,2018,Jul,7/13/2018,121,990,0,80,93
67,2018,Jul,7/13/2018,121,1005,0,78,90
68,2018,Jul,7/13/2018,121,1020,0,77,88
69,2018,Jul,7/13/2018,121,1035,0,75.5,86
70,2018,Jul,7/13/2018,121,1050,0,74,83
71,2018,Jul,7/13/2018,121,1065,0,73,81
72,2018,Jul,7/13/2018,121,1080,0,75,81
73,2018,Jul,7/13/2018,121,1095,6.5,67,78.5
74,2018,Jul,7/13/2018,121,1110,15.5,60.5,80
75,2018,Jul,7/13/2018,121,1125,20,56.5,79
76,2018,Jul,7/13/2018,121,1140,21.5,55,78.5
77,2018,Jul,7/13/2018,121,1155,22,56,79
78,2018,Jul,7/13/2018,121,1170,22,56,78.5
79,2018,Jul,7/13/2018,121,1185,22,55,77
80,2018,Jul,7/13/2018,121,1200,22,55,77
81,2018,Jul,7/13/2018,121,1215,22,53,75
82,2018,Jul,7/13/2018,121,1230,22,52.5,74.5
83,2018,Jul,7/13/2018,121,1245,22,50.5,72.5
84,2018,Jul,7/13/2018,121,1260,22,50,72
85,2018,Jul,7/13/2018,121,1275,22,44.5,66.5
86,2018,Jul,7/13/2018,121,1290,22,40.5,62.5
87,2018,Jul,7/13/2018,121,1305,22,41,63
88,2018,Jul,7/13/2018,121,1320,22,38,60
89,2018,Jul,7/13/2018,121,1335,22,37,59
90,2018,Jul,7/13/2018,121,1350,22,36.5,58.5
91,2018,Jul,7/13/2018,121,1365,22,35.5,57.5
92,2018,Jul,7/13/2018,121,1380,22,35.5,57.5
93,2018,Jul,7/13/2018,121,1395,22,34,56
94,2018,Jul,7/13/2018,121,1410,22,33.5,55.5
95,2018,Jul,7/13/2018,121,1425,22,33,55
96,2018,Jul,7/13/2018,121,1440,22,34,56
97,2018,Aug,8/9/2018,121,15,22,31,53
98,2018,Aug,8/9/2018,121,30,22,32,54
99,2018,Aug,8/10/2018,121,45,22,34,56
100,2018,Aug,8/10/2018,121,60,22,34,56
101,2018,Aug,8/11/2018,121,75,22,35,57
102,2018,Aug,8/11/2018,121,90,22,35,57
103,2018,Aug,8/12/2018,121,105,22,34,56
104,2018,Aug,8/12/2018,121,120,22,33.5,55.5
105,2018,Aug,8/13/2018,121,135,22,33.5,55.5
106,2018,Aug,8/13/2018,121,150,22,33.5,55.5
107,2018,Aug,8/14/2018,121,165,22,32.5,54.5
108,2018,Aug,8/14/2018,121,180,22,33,55
109,2018,Aug,8/15/2018,121,195,22,32,54
110,2018,Aug,8/15/2018,121,210,22,35,57
111,2018,Aug,8/16/2018,121,225,22,33,55
112,2018,Aug,8/16/2018,121,240,22,33,55
113,2018,Aug,8/17/2018,121,255,22,33,55
114,2018,Aug,8/17/2018,121,270,22,33,55
115,2018,Aug,8/18/2018,121,285,22,35,57
116,2018,Aug,8/18/2018,121,300,22,35,57
117,2018,Aug,8/19/2018,121,315,22,38.5,60.5
118,2018,Aug,8/19/2018,121,330,22,37,59
119,2018,Aug,8/20/2018,121,345,22,36,58
120,2018,Aug,8/20/2018,121,360,22,36.5,58.5
121,2018,Aug,8/21/2018,121,375,22,39,61
122,2018,Aug,8/21/2018,121,390,22,39,61
123,2018,Aug,8/22/2018,121,405,22,46,68
124,2018,Aug,8/22/2018,121,420,22,52,74
125,2018,Aug,8/23/2018,121,435,22,59,81
126,2018,Aug,8/23/2018,121,450,22,69,93
127,2018,Aug,8/24/2018,121,465,22,75,100
128,2018,Aug,8/24/2018,121,480,22,72.5,97
129,2018,Aug,8/25/2018,121,495,22,68,94
130,2018,Aug,8/25/2018,121,510,22,64.5,91
131,2018,Aug,8/26/2018,121,525,22,65,93
132,2018,Aug,8/26/2018,121,540,22,65,94
133,2018,Aug,8/27/2018,121,555,22,69,100
134,2018,Aug,8/27/2018,121,570,22,67.5,100
135,2018,Aug,8/28/2018,121,585,22,72,105.5
136,2018,Aug,8/28/2018,121,600,22,70,105
137,2018,Aug,8/29/2018,121,615,22,71,107.5
138,2018,Aug,8/29/2018,121,630,22,73,109
139,2018,Aug,8/30/2018,121,645,22,73,111
140,2018,Aug,8/30/2018,121,660,22,76,114.5
141,2018,Aug,8/31/2018,121,675,22,73,111.5
142,2018,Aug,8/31/2018,121,690,22,71,110
143,2018,Aug,2018-08-32,121,705,22,72,112
144,2018,Aug,2018-08-32,121,720,22,73.5,113.5
145,2018,Aug,2018-08-33,121,735,22,74,115
146,2018,Aug,2018-08-33,121,750,22,68,106
147,2018,Aug,2018-08-34,121,765,22,69,111
148,2018,Aug,2018-08-34,121,780,22,68,109
149,2018,Aug,2018-08-35,121,795,22,66,107
150,2018,Aug,2018-08-35,121,810,22,69,110.5
151,2018,Aug,2018-08-36,121,825,22,74,111
152,2018,Aug,2018-08-36,121,840,22,67,99
153,2018,Aug,2018-08-37,121,855,22,63,112
154,2018,Aug,2018-08-37,121,870,22,68,107
155,2018,Aug,2018-08-38,121,885,22,68,101
156,2018,Aug,2018-08-38,121,900,22,75,109
157,2018,Aug,2018-08-39,121,915,22,75,104
158,2018,Aug,2018-08-39,121,930,22,78,106
159,2018,Aug,2018-08-40,121,945,22,79,109
160,2018,Aug,2018-08-40,121,960,22,78,106
161,2018,Aug,2018-08-41,121,975,22,75,103
162,2018,Aug,2018-08-41,121,990,22,76,104
163,2018,Aug,2018-08-42,121,1005,22,74,102
164,2018,Aug,2018-08-42,121,1020,22,73,101
165,2018,Aug,2018-08-43,121,1035,22,71,97
166,2018,Aug,2018-08-43,121,1050,22,72,101
167,2018,Aug,2018-08-44,121,1065,22,71,98
168,2018,Aug,2018-08-44,121,1080,22,70,97
169,2018,Aug,2018-08-45,121,1095,22,66,92
170,2018,Aug,2018-08-45,121,1110,22,68,93
171,2018,Aug,2018-08-46,121,1125,22,66,90
172,2018,Aug,2018-08-46,121,1140,22,65,87
173,2018,Aug,2018-08-47,121,1155,22,66,88
174,2018,Aug,2018-08-47,121,1170,22,62,84
175,2018,Aug,2018-08-48,121,1185,22,62,84
176,2018,Aug,2018-08-48,121,1200,22,63,85
177,2018,Aug,2018-08-49,121,1215,22,66,88
178,2018,Aug,2018-08-49,121,1230,22,65,87
179,2018,Aug,2018-08-50,121,1245,22,66,88
180,2018,Aug,2018-08-50,121,1260,22,63,85
181,2018,Aug,2018-08-51,121,1275,22,52,74
182,2018,Aug,2018-08-51,121,1290,22,51,73
183,2018,Aug,2018-08-52,121,1305,22,50,72
184,2018,Aug,2018-08-52,121,1320,22,46,68
185,2018,Aug,2018-08-53,121,1335,22,45,67
186,2018,Aug,2018-08-53,121,1350,22,43,65
187,2018,Aug,2018-08-54,121,1365,22,44,66
188,2018,Aug,2018-08-54,121,1380,22,45,67
189,2018,Aug,2018-08-55,121,1395,22,41,63
190,2018,Aug,2018-08-55,121,1410,22,42,64
191,2018,Aug,2018-08-56,121,1425,22,41,63
192,2018,Aug,2018-08-56,121,1440,22,42,64
193,2018,Sep,9/13/2018,123,15,22,,63
194,2018,Sep,9/13/2018,123,30,22,,61
195,2018,Sep,9/13/2018,123,45,22,,59
196,2018,Sep,9/13/2018,123,60,22,,58
197,2018,Sep,9/13/2018,123,75,22,,57
198,2018,Sep,9/13/2018,123,90,22,,57
199,2018,Sep,9/13/2018,123,105,22,,56
200,2018,Sep,9/13/2018,123,120,22,,56
201,2018,Sep,9/13/2018,123,135,22,,55
202,2018,Sep,9/13/2018,123,150,22,,54
203,2018,Sep,9/13/2018,123,165,22,,53
204,2018,Sep,9/13/2018,123,180,22,,53
205,2018,Sep,9/13/2018,123,195,22,,54
206,2018,Sep,9/13/2018,123,210,22,,53
207,2018,Sep,9/13/2018,123,225,22,,53
208,2018,Sep,9/13/2018,123,240,22,,53
209,2018,Sep,9/13/2018,123,255,22,,53
210,2018,Sep,9/13/2018,123,270,22,,53
211,2018,Sep,9/13/2018,123,285,22,,54
212,2018,Sep,9/13/2018,123,300,22,,53
213,2018,Sep,9/13/2018,123,315,22,,55
214,2018,Sep,9/13/2018,123,330,22,,55
215,2018,Sep,9/13/2018,123,345,22,,57
216,2018,Sep,9/13/2018,123,360,22,,59
217,2018,Sep,9/13/2018,123,375,22,,61
218,2018,Sep,9/13/2018,123,390,22,,62
219,2018,Sep,9/13/2018,123,405,22,,67
220,2018,Sep,9/13/2018,123,420,22,,67
221,2018,Sep,9/13/2018,123,435,22,,70
222,2018,Sep,9/13/2018,123,450,22,,72
223,2018,Sep,9/13/2018,123,465,22,,79
224,2018,Sep,9/13/2018,123,480,22,57,81
225,2018,Sep,9/13/2018,123,495,22,58,82
226,2018,Sep,9/13/2018,123,510,22,59,83
227,2018,Sep,9/13/2018,123,525,22,63,87
228,2018,Sep,9/13/2018,123,540,22,62,88
229,2018,Sep,9/13/2018,123,555,22,63,90
230,2018,Sep,9/13/2018,123,570,22,58,88
231,2018,Sep,9/13/2018,123,585,22,59,93
232,2018,Sep,9/13/2018,123,600,22,57,92
233,2018,Sep,9/13/2018,123,615,22,59,96
234,2018,Sep,9/13/2018,123,630,22,61,98
235,2018,Sep,9/13/2018,123,645,22,60,98
236,2018,Sep,9/13/2018,123,660,22,60,99
237,2018,Sep,9/13/2018,123,675,22,61,101
238,2018,Sep,9/13/2018,123,690,22,61,101
239,2018,Sep,9/13/2018,123,705,22,60,101
240,2018,Sep,9/13/2018,123,720,22,61,105
241,2018,Sep,9/13/2018,123,735,22,64,106
242,2018,Sep,9/13/2018,123,750,22,65,107
243,2018,Sep,9/13/2018,123,765,22,61,103
244,2018,Sep,9/13/2018,123,780,22,59,102
245,2018,Sep,9/13/2018,123,795,22,63,105
246,2018,Sep,9/13/2018,123,810,22,65,108
247,2018,Sep,9/13/2018,123,825,22,70,112
248,2018,Sep,9/13/2018,123,840,22,72,114
249,2018,Sep,9/13/2018,123,855,22,72,114
250,2018,Sep,9/13/2018,123,870,22,68,109
251,2018,Sep,9/13/2018,123,885,22,71,111
252,2018,Sep,9/13/2018,123,900,22,72,111
253,2018,Sep,9/13/2018,123,915,22,71,110
254,2018,Sep,9/13/2018,123,930,22,66,105
255,2018,Sep,9/13/2018,123,945,22,67,105
256,2018,Sep,9/13/2018,123,960,22,67,103
257,2018,Sep,9/13/2018,123,975,22,70,105
258,2018,Sep,9/13/2018,123,990,22,72,105
259,2018,Sep,9/13/2018,123,1005,22,72,105
260,2018,Sep,9/13/2018,123,1020,22,75,106
261,2018,Sep,9/13/2018,123,1035,22,77,107
262,2018,Sep,9/13/2018,123,1050,22,79,107
263,2018,Sep,9/13/2018,123,1065,22,79,106
264,2018,Sep,9/13/2018,123,1080,22,79,104
265,2018,Sep,9/13/2018,123,1095,22,75,100
266,2018,Sep,9/13/2018,123,1110,22,74,98
267,2018,Sep,9/13/2018,123,1125,22,,101
268,2018,Sep,9/13/2018,123,1140,22,,106
269,2018,Sep,9/13/2018,123,1155,22,,104
270,2018,Sep,9/13/2018,123,1170,22,,104
271,2018,Sep,9/13/2018,123,1185,22,,104
272,2018,Sep,9/13/2018,123,1200,22,,103
273,2018,Sep,9/13/2018,123,1215,22,,102
274,2018,Sep,9/13/2018,123,1230,22,,100
275,2018,Sep,9/13/2018,123,1245,22,,99
276,2018,Sep,9/13/2018,123,1260,22,,98
277,2018,Sep,9/13/2018,123,1275,22,,90
278,2018,Sep,9/13/2018,123,1290,22,,88
279,2018,Sep,9/13/2018,123,1305,22,,86
280,2018,Sep,9/13/2018,123,1320,22,,80
281,2018,Sep,9/13/2018,123,1335,22,,78
282,2018,Sep,9/13/2018,123,1350,22,,74
283,2018,Sep,9/13/2018,123,1365,22,,71
284,2018,Sep,9/13/2018,123,1380,22,,70
285,2018,Sep,9/13/2018,123,1395,22,,66
286,2018,Sep,9/13/2018,123,1410,22,,67
287,2018,Sep,9/13/2018,123,1425,22,,68
288,2018,Sep,9/13/2018,123,1440,22,,65
289,2018,Oct,10/1/2018,128,15,22,,63
290,2018,Oct,10/1/2018,128,30,22,,62
291,2018,Oct,10/1/2018,128,45,22,,61
292,2018,Oct,10/1/2018,128,60,22,,60
293,2018,Oct,10/1/2018,128,75,22,,60
294,2018,Oct,10/1/2018,128,90,22,,58
295,2018,Oct,10/1/2018,128,105,22,,58
296,2018,Oct,10/1/2018,128,120,22,,58
297,2018,Oct,10/1/2018,128,135,22,,57
298,2018,Oct,10/1/2018,128,150,22,,57
299,2018,Oct,10/1/2018,128,165,22,,57
300,2018,Oct,10/1/2018,128,180,22,,58
301,2018,Oct,10/1/2018,128,195,22,,57
302,2018,Oct,10/1/2018,128,210,22,,57
303,2018,Oct,10/1/2018,128,225,22,,57
304,2018,Oct,10/1/2018,128,240,22,,57
305,2018,Oct,10/1/2018,128,255,22,,57
306,2018,Oct,10/1/2018,128,270,22,,56
307,2018,Oct,10/1/2018,128,285,22,,60
308,2018,Oct,10/1/2018,128,300,22,,59
309,2018,Oct,10/1/2018,128,315,22,,62
310,2018,Oct,10/1/2018,128,330,22,,60
311,2018,Oct,10/1/2018,128,345,22,,61
312,2018,Oct,10/1/2018,128,360,22,,64
313,2018,Oct,10/1/2018,128,375,22,,65
314,2018,Oct,10/1/2018,128,390,22,,67
315,2018,Oct,10/1/2018,128,405,22,,73
316,2018,Oct,10/1/2018,128,420,22,,72
317,2018,Oct,10/1/2018,128,435,22,,79
318,2018,Oct,10/1/2018,128,450,22,,81
319,2018,Oct,10/1/2018,128,465,22,,90
320,2018,Oct,10/1/2018,128,480,22,69,92
321,2018,Oct,10/1/2018,128,495,22,67,91
322,2018,Oct,10/1/2018,128,510,22,70,96
323,2018,Oct,10/1/2018,128,525,22,74,100
324,2018,Oct,10/1/2018,128,540,22,73,98
325,2018,Oct,10/1/2018,128,555,22,75,100
326,2018,Oct,10/1/2018,128,570,22,77,102
327,2018,Oct,10/1/2018,128,585,22,78,102
328,2018,Oct,10/1/2018,128,600,22,77,102
329,2018,Oct,10/1/2018,128,615,22,79,105
330,2018,Oct,10/1/2018,128,630,22,82,111
331,2018,Oct,10/1/2018,128,645,22,84,113
332,2018,Oct,10/1/2018,128,660,22,83,113
333,2018,Oct,10/1/2018,128,675,22,81,111
334,2018,Oct,10/1/2018,128,690,22,81,113
335,2018,Oct,10/1/2018,128,705,22,85,117
336,2018,Oct,10/1/2018,128,720,22,87,116
337,2018,Oct,10/1/2018,128,735,22,85,113
338,2018,Oct,10/1/2018,128,750,22,82,111
339,2018,Oct,10/1/2018,128,765,22,82,111
340,2018,Oct,10/1/2018,128,780,22,83,112
341,2018,Oct,10/1/2018,128,795,22,84,112
342,2018,Oct,10/1/2018,128,810,22,83,112
343,2018,Oct,10/1/2018,128,825,22,83,113
344,2018,Oct,10/1/2018,128,840,22,83,111
345,2018,Oct,10/1/2018,128,855,22,80,111
346,2018,Oct,10/1/2018,128,870,22,82,113
347,2018,Oct,10/1/2018,128,885,22,84,117
348,2018,Oct,10/1/2018,128,900,22,89,113
349,2018,Oct,10/1/2018,128,915,22,85,112
350,2018,Oct,10/1/2018,128,930,22,84,108
351,2018,Oct,10/1/2018,128,945,22,79,112
352,2018,Oct,10/1/2018,128,960,22,82,116
353,2018,Oct,10/1/2018,128,975,22,87,117
354,2018,Oct,10/1/2018,128,990,22,88,120
355,2018,Oct,10/1/2018,128,1005,22,91,113
356,2018,Oct,10/1/2018,128,1020,22,86,113
357,2018,Oct,10/1/2018,128,1035,22,86,114
358,2018,Oct,10/1/2018,128,1050,22,89,108
359,2018,Oct,10/1/2018,128,1065,22,84,105
360,2018,Oct,10/1/2018,128,1080,22,79,106
361,2018,Oct,10/1/2018,128,1095,22,81,108
362,2018,Oct,10/1/2018,128,1110,22,84,111
363,2018,Oct,10/1/2018,128,1125,22,88,110
364,2018,Oct,10/1/2018,128,1140,22,,113
365,2018,Oct,10/1/2018,128,1155,22,,107
366,2018,Oct,10/1/2018,128,1170,22,,107
367,2018,Oct,10/1/2018,128,1185,22,,106
368,2018,Oct,10/1/2018,128,1200,22,,101
369,2018,Oct,10/1/2018,128,1215,22,,99
370,2018,Oct,10/1/2018,128,1230,22,,99
371,2018,Oct,10/1/2018,128,1245,22,,98
372,2018,Oct,10/1/2018,128,1260,22,,96
373,2018,Oct,10/1/2018,128,1275,22,,87
374,2018,Oct,10/1/2018,128,1290,22,,83
375,2018,Oct,10/1/2018,128,1305,22,,82
376,2018,Oct,10/1/2018,128,1320,22,,81
377,2018,Oct,10/1/2018,128,1335,22,,80
378,2018,Oct,10/1/2018,128,1350,22,,79
379,2018,Oct,10/1/2018,128,1365,22,,77
380,2018,Oct,10/1/2018,128,1380,22,,76
381,2018,Oct,10/1/2018,128,1395,22,,72
382,2018,Oct,10/1/2018,128,1410,22,,70
383,2018,Oct,10/1/2018,128,1425,22,,70
384,2018,Oct,10/1/2018,128,1440,22,,67
385,2018,Nov,11/8/2018,126,15,21,,57
386,2018,Nov,11/8/2018,126,30,21,,57
387,2018,Nov,11/8/2018,126,45,21,,56
388,2018,Nov,11/8/2018,126,60,21,,56
389,2018,Nov,11/8/2018,126,75,21,,56
390,2018,Nov,11/8/2018,126,90,21,,55
391,2018,Nov,11/8/2018,126,105,21,,55
392,2018,Nov,11/8/2018,126,120,21,,54
393,2018,Nov,11/8/2018,126,135,21,,54
394,2018,Nov,11/8/2018,126,150,21,,53
395,2018,Nov,11/8/2018,126,165,21,,54
396,2018,Nov,11/8/2018,126,180,21,,53
397,2018,Nov,11/8/2018,126,195,21,,53
398,2018,Nov,11/8/2018,126,210,21,,52
399,2018,Nov,11/8/2018,126,225,21,,53
400,2018,Nov,11/8/2018,126,240,21,,52
401,2018,Nov,11/8/2018,126,255,21,,53
402,2018,Nov,11/8/2018,126,270,21,,52
403,2018,Nov,11/8/2018,126,285,21,,53
404,2018,Nov,11/8/2018,126,300,21,,52
405,2018,Nov,11/8/2018,126,315,21,,51
406,2018,Nov,11/8/2018,126,330,21,,52
407,2018,Nov,11/8/2018,126,345,21,,54
408,2018,Nov,11/8/2018,126,360,21,,54
409,2018,Nov,11/8/2018,126,375,21,,56
410,2018,Nov,11/8/2018,126,390,21,,56
411,2018,Nov,11/8/2018,126,405,21,,58
412,2018,Nov,11/8/2018,126,420,21,,58
413,2018,Nov,11/8/2018,126,435,21,,62
414,2018,Nov,11/8/2018,126,450,21,,66
415,2018,Nov,11/8/2018,126,465,21,60,82
416,2018,Nov,11/8/2018,126,480,21,63,86
417,2018,Nov,11/8/2018,126,495,21,63,86
418,2018,Nov,11/8/2018,126,510,21,63,85
419,2018,Nov,11/8/2018,126,525,19,63,85
420,2018,Nov,11/8/2018,126,540,0,79,83
421,2018,Nov,11/8/2018,126,555,0,76,84
422,2018,Nov,11/8/2018,126,570,0,75,87
423,2018,Nov,11/8/2018,126,585,2,71,88
424,2018,Nov,11/8/2018,126,600,1,71,87
425,2018,Nov,11/8/2018,126,615,0,73,89
426,2018,Nov,11/8/2018,126,630,0,73,89
427,2018,Nov,11/8/2018,126,645,0,73,90
428,2018,Nov,11/8/2018,126,660,0,75,92
429,2018,Nov,11/8/2018,126,675,0,75,93
430,2018,Nov,11/8/2018,126,690,0,74,93
431,2018,Nov,11/8/2018,126,705,0,75,93
432,2018,Nov,11/8/2018,126,720,0,76,95
433,2018,Nov,11/8/2018,126,735,0,78,97
434,2018,Nov,11/8/2018,126,750,0,77,95
435,2018,Nov,11/8/2018,126,765,0,78,96
436,2018,Nov,11/8/2018,126,780,0,81,98
437,2018,Nov,11/8/2018,126,795,0,80,97
438,2018,Nov,11/8/2018,126,810,0,79,95
439,2018,Nov,11/8/2018,126,825,0,80,96
440,2018,Nov,11/8/2018,126,840,0,80,95
441,2018,Nov,11/8/2018,126,855,0,81,94
442,2018,Nov,11/8/2018,126,870,0,83,96
443,2018,Nov,11/8/2018,126,885,0,84,95
444,2018,Nov,11/8/2018,126,900,0,85,95
445,2018,Nov,11/8/2018,126,915,0,86,94
446,2018,Nov,11/8/2018,126,930,0,88,95
447,2018,Nov,11/8/2018,126,945,0,92,97
448,2018,Nov,11/8/2018,126,960,0,96,99
449,2018,Nov,11/8/2018,126,975,0,97,99
450,2018,Nov,11/8/2018,126,990,0,98,99
451,2018,Nov,11/8/2018,126,1005,0,99,99
452,2018,Nov,11/8/2018,126,1020,0,100,100
453,2018,Nov,11/8/2018,126,1035,0,102,102
454,2018,Nov,11/8/2018,126,1050,0,102,102
455,2018,Nov,11/8/2018,126,1065,0,101,101
456,2018,Nov,11/8/2018,126,1080,0,99,99
457,2018,Nov,11/8/2018,126,1095,0,98,98
458,2018,Nov,11/8/2018,126,1110,0,97,97
459,2018,Nov,11/8/2018,126,1125,0,99,99
460,2018,Nov,11/8/2018,126,1140,0,96,96
461,2018,Nov,11/8/2018,126,1155,0,95,95
462,2018,Nov,11/8/2018,126,1170,0,94,94
463,2018,Nov,11/8/2018,126,1185,0,92,92
464,2018,Nov,11/8/2018,126,1200,0,92,92
465,2018,Nov,11/8/2018,126,1215,0,90,90
466,2018,Nov,11/8/2018,126,1230,0,84,84
467,2018,Nov,11/8/2018,126,1245,0,82,82
468,2018,Nov,11/8/2018,126,1260,0,81,81
469,2018,Nov,11/8/2018,126,1275,0,75,75
470,2018,Nov,11/8/2018,126,1290,0,74,74
471,2018,Nov,11/8/2018,126,1305,0,72,72
472,2018,Nov,11/8/2018,126,1320,0,71,71
473,2018,Nov,11/8/2018,126,1335,0,70,70
474,2018,Nov,11/8/2018,126,1350,0,70,70
475,2018,Nov,11/8/2018,126,1365,0,68,68
476,2018,Nov,11/8/2018,126,1380,0,68,68
477,2018,Nov,11/8/2018,126,1395,0,63,63
478,2018,Nov,11/8/2018,126,1410,0,61,61
479,2018,Nov,11/8/2018,126,1425,0,60,60
480,2018,Nov,11/8/2018,126,1440,0,58,58
481,2018,Dec,11/28/2018,124,15,20,,53
482,2018,Dec,11/28/2018,124,30,20,,52
483,2018,Dec,11/28/2018,124,45,20,,52
484,2018,Dec,11/28/2018,124,60,20,,51
485,2018,Dec,11/28/2018,124,75,20,,50
486,2018,Dec,11/28/2018,124,90,20,,49
487,2018,Dec,11/28/2018,124,105,20,,48
488,2018,Dec,11/28/2018,124,120,20,,49
489,2018,Dec,11/28/2018,124,135,20,,50
490,2018,Dec,11/28/2018,124,150,20,,51
491,2018,Dec,11/28/2018,124,165,20,,51
492,2018,Dec,11/28/2018,124,180,20,,51
493,2018,Dec,11/28/2018,124,195,20,,50
494,2018,Dec,11/28/2018,124,210,20,,50
495,2018,Dec,11/28/2018,124,225,20,,50
496,2018,Dec,11/28/2018,124,240,20,,50
497,2018,Dec,11/28/2018,124,255,20,,51
498,2018,Dec,11/28/2018,124,270,20,,48
499,2018,Dec,11/28/2018,124,285,20,,48
500,2018,Dec,11/28/2018,124,300,20,,48
501,2018,Dec,11/28/2018,124,315,20,,49
502,2018,Dec,11/28/2018,124,330,20,,50
503,2018,Dec,11/28/2018,124,345,20,,52
504,2018,Dec,11/28/2018,124,360,20,,52
505,2018,Dec,11/28/2018,124,375,20,,53
506,2018,Dec,11/28/2018,124,390,20,,53
507,2018,Dec,11/28/2018,124,405,20,,54
508,2018,Dec,11/28/2018,124,420,20,,54
509,2018,Dec,11/28/2018,124,435,20,,57
510,2018,Dec,11/28/2018,124,450,20,39,60
511,2018,Dec,11/28/2018,124,465,20,43,65
512,2018,Dec,11/28/2018,124,480,20,44,66
513,2018,Dec,11/28/2018,124,495,20,44,67
514,2018,Dec,11/28/2018,124,510,20,44,67
515,2018,Dec,11/28/2018,124,525,20,44,71
516,2018,Dec,11/28/2018,124,540,20,51,78
517,2018,Dec,11/28/2018,124,555,20,50,78
518,2018,Dec,11/28/2018,124,570,20,52,83
519,2018,Dec,11/28/2018,124,585,20,54,82
520,2018,Dec,11/28/2018,124,600,20,57,86
521,2018,Dec,11/28/2018,124,615,20,54,80
522,2018,Dec,11/28/2018,124,630,20,55,82
523,2018,Dec,11/28/2018,124,645,20,59,88
524,2018,Dec,11/28/2018,124,660,20,59,82
525,2018,Dec,11/28/2018,124,675,20,59,86
526,2018,Dec,11/28/2018,124,690,20,59,87
527,2018,Dec,11/28/2018,124,705,20,58,83
528,2018,Dec,11/28/2018,124,720,20,53,79
529,2018,Dec,11/28/2018,124,735,20,54,83
530,2018,Dec,11/28/2018,124,750,20,58,89
531,2018,Dec,11/28/2018,124,765,20,59,85
532,2018,Dec,11/28/2018,124,780,20,50,77
533,2018,Dec,11/28/2018,124,795,20,56,91
534,2018,Dec,11/28/2018,124,810,20,57,90
535,2018,Dec,11/28/2018,124,825,20,57,86
536,2018,Dec,11/28/2018,124,840,20,64,94
537,2018,Dec,11/28/2018,124,855,20,65,89
538,2018,Dec,11/28/2018,124,870,20,63,85
539,2018,Dec,11/28/2018,124,885,20,63,86
540,2018,Dec,11/28/2018,124,900,20,65,89
541,2018,Dec,11/28/2018,124,915,20,66,90
542,2018,Dec,11/28/2018,124,930,20,64,86
543,2018,Dec,11/28/2018,124,945,20,66,88
544,2018,Dec,11/28/2018,124,960,20,66,87
545,2018,Dec,11/28/2018,124,975,20,66,88
546,2018,Dec,11/28/2018,124,990,20,70,91
547,2018,Dec,11/28/2018,124,1005,20,69,90
548,2018,Dec,11/28/2018,124,1020,20,,92
549,2018,Dec,11/28/2018,124,1035,20,,92
550,2018,Dec,11/28/2018,124,1050,20,,94
551,2018,Dec,11/28/2018,124,1065,20,,90
552,2018,Dec,11/28/2018,124,1080,20,,90
553,2018,Dec,11/28/2018,124,1095,20,,89
554,2018,Dec,11/28/2018,124,1110,20,,89
555,2018,Dec,11/28/2018,124,1125,20,,89
556,2018,Dec,11/28/2018,124,1140,20,,89
557,2018,Dec,11/28/2018,124,1155,20,,86
558,2018,Dec,11/28/2018,124,1170,20,,85
559,2018,Dec,11/28/2018,124,1185,20,,85
560,2018,Dec,11/28/2018,124,1200,20,,84
561,2018,Dec,11/28/2018,124,1215,20,,83
562,2018,Dec,11/28/2018,124,1230,20,,83
563,2018,Dec,11/28/2018,124,1245,20,,81
564,2018,Dec,11/28/2018,124,1260,20,,81
565,2018,Dec,11/28/2018,124,1275,20,,74
566,2018,Dec,11/28/2018,124,1290,20,,73
567,2018,Dec,11/28/2018,124,1305,20,,70
568,2018,Dec,11/28/2018,124,1320,20,,70
569,2018,Dec,11/28/2018,124,1335,20,,68
570,2018,Dec,11/28/2018,124,1350,20,,68
571,2018,Dec,11/28/2018,124,1365,20,,65
572,2018,Dec,11/28/2018,124,1380,20,,63
573,2018,Dec,11/28/2018,124,1395,20,,58
574,2018,Dec,11/28/2018,124,1410,20,,56
575,2018,Dec,11/28/2018,124,1425,20,,55
576,2018,Dec,11/28/2018,124,1440,20,,54
577,2019,Jan,1/22/2019,124.5,15,20,,49
578,2019,Jan,1/22/2019,124.5,30,20,,49
579,2019,Jan,1/22/2019,124.5,45,20,,49
580,2019,Jan,1/22/2019,124.5,60,20,,49
581,2019,Jan,1/22/2019,124.5,75,20,,48
582,2019,Jan,1/22/2019,124.5,90,20,,48
583,2019,Jan,1/22/2019,124.5,105,20,,48
584,2019,Jan,1/22/2019,124.5,120,20,,50
585,2019,Jan,1/22/2019,124.5,135,20,,49
586,2019,Jan,1/22/2019,124.5,150,20,,49
587,2019,Jan,1/22/2019,124.5,165,20,,48
588,2019,Jan,1/22/2019,124.5,180,20,,49
589,2019,Jan,1/22/2019,124.5,195,20,,49
590,2019,Jan,1/22/2019,124.5,210,20,,49
591,2019,Jan,1/22/2019,124.5,225,20,,49
592,2019,Jan,1/22/2019,124.5,240,20,,49
593,2019,Jan,1/22/2019,124.5,255,20,,49
594,2019,Jan,1/22/2019,124.5,270,20,,50
595,2019,Jan,1/22/2019,124.5,285,20,,48
596,2019,Jan,1/22/2019,124.5,300,20,,47
597,2019,Jan,1/22/2019,124.5,315,20,,47
598,2019,Jan,1/22/2019,124.5,330,20,,48
599,2019,Jan,1/22/2019,124.5,345,20,,49
600,2019,Jan,1/22/2019,124.5,360,20,,50
601,2019,Jan,1/22/2019,124.5,375,20,,52
602,2019,Jan,1/22/2019,124.5,390,20,,53
603,2019,Jan,1/22/2019,124.5,405,20,,53
604,2019,Jan,1/22/2019,124.5,420,20,,54
605,2019,Jan,1/22/2019,124.5,435,20,,57
606,2019,Jan,1/22/2019,124.5,450,20,,58
607,2019,Jan,1/22/2019,124.5,465,20,,61
608,2019,Jan,1/22/2019,124.5,480,20,42,63
609,2019,Jan,1/22/2019,124.5,495,20,43,64
610,2019,Jan,1/22/2019,124.5,510,20,42,65
611,2019,Jan,1/22/2019,124.5,525,20,40,65
612,2019,Jan,1/22/2019,124.5,540,20,38,65
613,2019,Jan,1/22/2019,124.5,555,20,37,67
614,2019,Jan,1/22/2019,124.5,570,20,38,70
615,2019,Jan,1/22/2019,124.5,585,20,37,71
616,2019,Jan,1/22/2019,124.5,600,20,37,71
617,2019,Jan,1/22/2019,124.5,615,20,35,70
618,2019,Jan,1/22/2019,124.5,630,20,34,71
619,2019,Jan,1/22/2019,124.5,645,20,34,71
620,2019,Jan,1/22/2019,124.5,660,20,33,71
621,2019,Jan,1/22/2019,124.5,675,20,34,72
622,2019,Jan,1/22/2019,124.5,690,20,35,73
623,2019,Jan,1/22/2019,124.5,705,20,35,73
624,2019,Jan,1/22/2019,124.5,720,20,35,73
625,2019,Jan,1/22/2019,124.5,735,20,35,74
626,2019,Jan,1/22/2019,124.5,750,20,34,74
627,2019,Jan,1/22/2019,124.5,765,20,34,74
628,2019,Jan,1/22/2019,124.5,780,20,35,74
629,2019,Jan,1/22/2019,124.5,795,20,35,74
630,2019,Jan,1/22/2019,124.5,810,20,35,73
631,2019,Jan,1/22/2019,124.5,825,20,35,73
632,2019,Jan,1/22/2019,124.5,840,20,36,73
633,2019,Jan,1/22/2019,124.5,855,20,37,72
634,2019,Jan,1/22/2019,124.5,870,20,42,76
635,2019,Jan,1/22/2019,124.5,885,20,41,71
636,2019,Jan,1/22/2019,124.5,900,20,41,70
637,2019,Jan,1/22/2019,124.5,915,20,39,70
638,2019,Jan,1/22/2019,124.5,930,20,40,72
639,2019,Jan,1/22/2019,124.5,945,20,43,73
640,2019,Jan,1/22/2019,124.5,960,20,45,72
641,2019,Jan,1/22/2019,124.5,975,20,48,73
642,2019,Jan,1/22/2019,124.5,990,20,51,73
643,2019,Jan,1/22/2019,124.5,1005,20,68,90
644,2019,Jan,1/22/2019,124.5,1020,20,70,92
645,2019,Jan,1/22/2019,124.5,1035,20,,89
646,2019,Jan,1/22/2019,124.5,1050,20,,84
647,2019,Jan,1/22/2019,124.5,1065,20,,84
648,2019,Jan,1/22/2019,124.5,1080,20,,83
649,2019,Jan,1/22/2019,124.5,1095,20,,80
650,2019,Jan,1/22/2019,124.5,1110,20,,79
651,2019,Jan,1/22/2019,124.5,1125,20,,78
652,2019,Jan,1/22/2019,124.5,1140,20,,79
653,2019,Jan,1/22/2019,124.5,1155,20,,79
654,2019,Jan,1/22/2019,124.5,1170,20,,79
655,2019,Jan,1/22/2019,124.5,1185,20,,79
656,2019,Jan,1/22/2019,124.5,1200,20,,73
657,2019,Jan,1/22/2019,124.5,1215,20,,69
658,2019,Jan,1/22/2019,124.5,1230,20,,67
659,2019,Jan,1/22/2019,124.5,1245,20,,66
660,2019,Jan,1/22/2019,124.5,1260,20,,66
661,2019,Jan,1/22/2019,124.5,1275,20,,62
662,2019,Jan,1/22/2019,124.5,1290,20,,60
663,2019,Jan,1/22/2019,124.5,1305,20,,59
664,2019,Jan,1/22/2019,124.5,1320,20,,58
665,2019,Jan,1/22/2019,124.5,1335,20,,57
666,2019,Jan,1/22/2019,124.5,1350,20,,56
667,2019,Jan,1/22/2019,124.5,1365,20,,55
668,2019,Jan,1/22/2019,124.5,1380,20,,55
669,2019,Jan,1/22/2019,124.5,1395,20,,53
670,2019,Jan,1/22/2019,124.5,1410,20,,53
671,2019,Jan,1/22/2019,124.5,1425,20,,53
672,2019,Jan,1/22/2019,124.5,1440,20,,52
673,2019,Feb,2/21/2019,126,15,19,,56
674,2019,Feb,2/21/2019,126,30,19,,55
675,2019,Feb,2/21/2019,126,45,19,,54
676,2019,Feb,2/21/2019,126,60,19,,54
677,2019,Feb,2/21/2019,126,75,19,,54
678,2019,Feb,2/21/2019,126,90,19,,53
679,2019,Feb,2/21/2019,126,105,19,,53
680,2019,Feb,2/21/2019,126,120,19,,52
681,2019,Feb,2/21/2019,126,135,19,,52
682,2019,Feb,2/21/2019,126,150,19,,51
683,2019,Feb,2/21/2019,126,165,19,,51
684,2019,Feb,2/21/2019,126,180,19,,51
685,2019,Feb,2/21/2019,126,195,19,,50
686,2019,Feb,2/21/2019,126,210,19,,50
687,2019,Feb,2/21/2019,126,225,19,,50
688,2019,Feb,2/21/2019,126,240,19,,50
689,2019,Feb,2/21/2019,126,255,19,,51
690,2019,Feb,2/21/2019,126,270,19,,51
691,2019,Feb,2/21/2019,126,285,19,,51
692,2019,Feb,2/21/2019,126,300,19,,51
693,2019,Feb,2/21/2019,126,315,19,,53
694,2019,Feb,2/21/2019,126,330,19,,54
695,2019,Feb,2/21/2019,126,345,19,,56
696,2019,Feb,2/21/2019,126,360,19,,56
697,2019,Feb,2/21/2019,126,375,19,,58
698,2019,Feb,2/21/2019,126,390,19,,60
699,2019,Feb,2/21/2019,126,405,19,,60
700,2019,Feb,2/21/2019,126,420,19,,61
701,2019,Feb,2/21/2019,126,435,19,,64
702,2019,Feb,2/21/2019,126,450,19,,66
703,2019,Feb,2/21/2019,126,465,19,49,70
704,2019,Feb,2/21/2019,126,480,3,66,70
705,2019,Feb,2/21/2019,126,495,0,72,73
706,2019,Feb,2/21/2019,126,510,0,64,66
707,2019,Feb,2/21/2019,126,525,0,59,64
708,2019,Feb,2/21/2019,126,540,0,78,80
709,2019,Feb,2/21/2019,126,555,0,80,83
710,2019,Feb,2/21/2019,126,570,0,80,83
711,2019,Feb,2/21/2019,126,585,0,80,84
712,2019,Feb,2/21/2019,126,600,0,81,83
713,2019,Feb,2/21/2019,126,615,0,83,86
714,2019,Feb,2/21/2019,126,630,0,82,84
715,2019,Feb,2/21/2019,126,645,0,75,79
716,2019,Feb,2/21/2019,126,660,1,76,88
717,2019,Feb,2/21/2019,126,675,4,78,90
718,2019,Feb,2/21/2019,126,690,7,64,76
719,2019,Feb,2/21/2019,126,705,12,64,88
720,2019,Feb,2/21/2019,126,720,16,58,82
721,2019,Feb,2/21/2019,126,735,18,53,81
722,2019,Feb,2/21/2019,126,750,19,60,95
723,2019,Feb,2/21/2019,126,765,19,66,92
724,2019,Feb,2/21/2019,126,780,19,66,86
725,2019,Feb,2/21/2019,126,795,19,66,86
726,2019,Feb,2/21/2019,126,810,19,61,83
727,2019,Feb,2/21/2019,126,825,19,54,80
728,2019,Feb,2/21/2019,126,840,19,53,85
729,2019,Feb,2/21/2019,126,855,19,55,87
730,2019,Feb,2/21/2019,126,870,19,57,87
731,2019,Feb,2/21/2019,126,885,19,60,89
732,2019,Feb,2/21/2019,126,900,19,60,86
733,2019,Feb,2/21/2019,126,915,19,63,88
734,2019,Feb,2/21/2019,126,930,19,62,85
735,2019,Feb,2/21/2019,126,945,19,59,82
736,2019,Feb,2/21/2019,126,960,19,63,88
737,2019,Feb,2/21/2019,126,975,19,64,86
738,2019,Feb,2/21/2019,126,990,19,66,89
739,2019,Feb,2/21/2019,126,1005,19,65,86
740,2019,Feb,2/21/2019,126,1020,19,65,86
741,2019,Feb,2/21/2019,126,1035,19,,90
742,2019,Feb,2/21/2019,126,1050,19,,96
743,2019,Feb,2/21/2019,126,1065,19,,95
744,2019,Feb,2/21/2019,126,1080,19,,97
745,2019,Feb,2/21/2019,126,1095,19,,95
746,2019,Feb,2/21/2019,126,1110,19,,93
747,2019,Feb,2/21/2019,126,1125,19,,94
748,2019,Feb,2/21/2019,126,1140,19,,93
749,2019,Feb,2/21/2019,126,1155,19,,91
750,2019,Feb,2/21/2019,126,1170,19,,92
751,2019,Feb,2/21/2019,126,1185,19,,92
752,2019,Feb,2/21/2019,126,1200,19,,90
753,2019,Feb,2/21/2019,126,1215,19,,90
754,2019,Feb,2/21/2019,126,1230,19,,89
755,2019,Feb,2/21/2019,126,1245,19,,90
756,2019,Feb,2/21/2019,126,1260,19,,87
757,2019,Feb,2/21/2019,126,1275,19,,83
758,2019,Feb,2/21/2019,126,1290,19,,81
759,2019,Feb,2/21/2019,126,1305,19,,81
760,2019,Feb,2/21/2019,126,1320,19,,74
761,2019,Feb,2/21/2019,126,1335,19,,74
762,2019,Feb,2/21/2019,126,1350,19,,71
763,2019,Feb,2/21/2019,126,1365,19,,73
764,2019,Feb,2/21/2019,126,1380,19,,68
765,2019,Feb,2/21/2019,126,1395,19,,62
766,2019,Feb,2/21/2019,126,1410,19,,60
767,2019,Feb,2/21/2019,126,1425,19,,59
768,2019,Feb,2/21/2019,126,1440,19,,58
769,2019,Mar,2/28/2019,124,15,19,,55
770,2019,Mar,2/28/2019,124,30,19,,53
771,2019,Mar,2/28/2019,124,45,19,,53
772,2019,Mar,2/28/2019,124,60,19,,53
773,2019,Mar,2/28/2019,124,75,19,,53
774,2019,Mar,2/28/2019,124,90,19,,51
775,2019,Mar,2/28/2019,124,105,19,,51
776,2019,Mar,2/28/2019,124,120,19,,51
777,2019,Mar,2/28/2019,124,135,19,,50
778,2019,Mar,2/28/2019,124,150,19,,49
779,2019,Mar,2/28/2019,124,165,19,,49
780,2019,Mar,2/28/2019,124,180,19,,49
781,2019,Mar,2/28/2019,124,195,19,,48
782,2019,Mar,2/28/2019,124,210,19,,49
783,2019,Mar,2/28/2019,124,225,19,,48
784,2019,Mar,2/28/2019,124,240,19,,48
785,2019,Mar,2/28/2019,124,255,19,,49
786,2019,Mar,2/28/2019,124,270,19,,48
787,2019,Mar,2/28/2019,124,285,19,,49
788,2019,Mar,2/28/2019,124,300,19,,49
789,2019,Mar,2/28/2019,124,315,19,,50
790,2019,Mar,2/28/2019,124,330,19,,51
791,2019,Mar,2/28/2019,124,345,19,,52
792,2019,Mar,2/28/2019,124,360,19,,53
793,2019,Mar,2/28/2019,124,375,19,,55
794,2019,Mar,2/28/2019,124,390,19,,56
795,2019,Mar,2/28/2019,124,405,19,,57
796,2019,Mar,2/28/2019,124,420,19,,57
797,2019,Mar,2/28/2019,124,435,19,,61
798,2019,Mar,2/28/2019,124,450,19,46,67
799,2019,Mar,2/28/2019,124,465,19,48,70
800,2019,Mar,2/28/2019,124,480,19,47,69
801,2019,Mar,2/28/2019,124,495,19,47,70
802,2019,Mar,2/28/2019,124,510,19,50,74
803,2019,Mar,2/28/2019,124,525,19,47,71
804,2019,Mar,2/28/2019,124,540,19,50,75
805,2019,Mar,2/28/2019,124,555,19,53,77
806,2019,Mar,2/28/2019,124,570,19,54,80
807,2019,Mar,2/28/2019,124,585,19,51,74
808,2019,Mar,2/28/2019,124,600,19,50,77
809,2019,Mar,2/28/2019,124,615,19,56,85
810,2019,Mar,2/28/2019,124,630,19,53,80
811,2019,Mar,2/28/2019,124,645,19,53,82
812,2019,Mar,2/28/2019,124,660,19,56,86
813,2019,Mar,2/28/2019,124,675,19,52,81
814,2019,Mar,2/28/2019,124,690,19,48,79
815,2019,Mar,2/28/2019,124,705,19,49,82
816,2019,Mar,2/28/2019,124,720,19,51,86
817,2019,Mar,2/28/2019,124,735,19,50,84
818,2019,Mar,2/28/2019,124,750,19,50,84
819,2019,Mar,2/28/2019,124,765,19,50,85
820,2019,Mar,2/28/2019,124,780,19,51,85
821,2019,Mar,2/28/2019,124,795,19,52,86
822,2019,Mar,2/28/2019,124,810,19,52,86
823,2019,Mar,2/28/2019,124,825,19,51,85
824,2019,Mar,2/28/2019,124,840,19,51,84
825,2019,Mar,2/28/2019,124,855,19,56,89
826,2019,Mar,2/28/2019,124,870,19,55,87
827,2019,Mar,2/28/2019,124,885,19,51,83
828,2019,Mar,2/28/2019,124,900,19,55,86
829,2019,Mar,2/28/2019,124,915,19,55,85
830,2019,Mar,2/28/2019,124,930,19,58,87
831,2019,Mar,2/28/2019,124,945,19,60,86
832,2019,Mar,2/28/2019,124,960,19,61,86
833,2019,Mar,2/28/2019,124,975,19,63,87
834,2019,Mar,2/28/2019,124,990,19,65,87
835,2019,Mar,2/28/2019,124,1005,19,62,85
836,2019,Mar,2/28/2019,124,1020,19,66,88
837,2019,Mar,2/28/2019,124,1035,19,70,91
838,2019,Mar,2/28/2019,124,1050,19,,93
839,2019,Mar,2/28/2019,124,1065,19,,94
840,2019,Mar,2/28/2019,124,1080,19,,93
841,2019,Mar,2/28/2019,124,1095,19,,93
842,2019,Mar,2/28/2019,124,1110,19,,93
843,2019,Mar,2/28/2019,124,1125,19,,91
844,2019,Mar,2/28/2019,124,1140,19,,91
845,2019,Mar,2/28/2019,124,1155,19,,89
846,2019,Mar,2/28/2019,124,1170,19,,88
847,2019,Mar,2/28/2019,124,1185,19,,90
848,2019,Mar,2/28/2019,124,1200,19,,89
849,2019,Mar,2/28/2019,124,1215,19,,84
850,2019,Mar,2/28/2019,124,1230,19,,79
851,2019,Mar,2/28/2019,124,1245,19,,78
852,2019,Mar,2/28/2019,124,1260,19,,79
853,2019,Mar,2/28/2019,124,1275,19,,75
854,2019,Mar,2/28/2019,124,1290,19,,74
855,2019,Mar,2/28/2019,124,1305,19,,73
856,2019,Mar,2/28/2019,124,1320,19,,71
857,2019,Mar,2/28/2019,124,1335,19,,69
858,2019,Mar,2/28/2019,124,1350,19,,66
859,2019,Mar,2/28/2019,124,1365,19,,64
860,2019,Mar,2/28/2019,124,1380,19,,62
861,2019,Mar,2/28/2019,124,1395,19,,58
862,2019,Mar,2/28/2019,124,1410,19,,56
863,2019,Mar,2/28/2019,124,1425,19,,55
864,2019,Mar,2/28/2019,124,1440,19,,54
865,2019,Apr,3/8/2019,125,15,18,,53
866,2019,Apr,3/8/2019,125,30,18,,52
867,2019,Apr,3/8/2019,125,45,18,,52
868,2019,Apr,3/8/2019,125,60,18,,50
869,2019,Apr,3/8/2019,125,75,18,,52
870,2019,Apr,3/8/2019,125,90,18,,55
871,2019,Apr,3/8/2019,125,105,18,,55
872,2019,Apr,3/8/2019,125,120,18,,54
873,2019,Apr,3/8/2019,125,135,18,,54
874,2019,Apr,3/8/2019,125,150,18,,53
875,2019,Apr,3/8/2019,125,165,18,,53
876,2019,Apr,3/8/2019,125,180,18,,52
877,2019,Apr,3/8/2019,125,195,18,,56
878,2019,Apr,3/8/2019,125,210,18,,50
879,2019,Apr,3/8/2019,125,225,18,,49
880,2019,Apr,3/8/2019,125,240,18,,49
881,2019,Apr,3/8/2019,125,255,18,,49
882,2019,Apr,3/8/2019,125,270,18,,48
883,2019,Apr,3/8/2019,125,285,18,,48
884,2019,Apr,3/8/2019,125,300,18,,49
885,2019,Apr,3/8/2019,125,315,18,,50
886,2019,Apr,3/8/2019,125,330,18,,51
887,2019,Apr,3/8/2019,125,345,18,,53
888,2019,Apr,3/8/2019,125,360,18,,54
889,2019,Apr,3/8/2019,125,375,18,,55
890,2019,Apr,3/8/2019,125,390,18,,60
891,2019,Apr,3/8/2019,125,405,18,,63
892,2019,Apr,3/8/2019,125,420,18,,65
893,2019,Apr,3/8/2019,125,435,16,,68
894,2019,Apr,3/8/2019,125,450,16,54,71
895,2019,Apr,3/8/2019,125,465,16,52,69
896,2019,Apr,3/8/2019,125,480,16,52,70
897,2019,Apr,3/8/2019,125,495,16,54,73
898,2019,Apr,3/8/2019,125,510,16,54,74
899,2019,Apr,3/8/2019,125,525,16,51,74
900,2019,Apr,3/8/2019,125,540,16,51,74
901,2019,Apr,3/8/2019,125,555,16,53,80
902,2019,Apr,3/8/2019,125,570,16,56,83
903,2019,Apr,3/8/2019,125,585,16,56,84
904,2019,Apr,3/8/2019,125,600,16,56,83
905,2019,Apr,3/8/2019,125,615,16,53,81
906,2019,Apr,3/8/2019,125,630,16,54,85
907,2019,Apr,3/8/2019,125,645,16,53,85
908,2019,Apr,3/8/2019,125,660,16,53,86
909,2019,Apr,3/8/2019,125,675,16,58,90
910,2019,Apr,3/8/2019,125,690,16,55,85
911,2019,Apr,3/8/2019,125,705,16,58,91
912,2019,Apr,3/8/2019,125,720,16,54,84
913,2019,Apr,3/8/2019,125,735,16,56,89
914,2019,Apr,3/8/2019,125,750,16,56,91
915,2019,Apr,3/8/2019,125,765,16,55,90
916,2019,Apr,3/8/2019,125,780,16,56,92
917,2019,Apr,3/8/2019,125,795,16,56,90
918,2019,Apr,3/8/2019,125,810,16,57,92
919,2019,Apr,3/8/2019,125,825,16,58,93
920,2019,Apr,3/8/2019,125,840,16,58,93
921,2019,Apr,3/8/2019,125,855,16,59,94
922,2019,Apr,3/8/2019,125,870,16,61,95
923,2019,Apr,3/8/2019,125,885,16,64,97
924,2019,Apr,3/8/2019,125,900,16,65,98
925,2019,Apr,3/8/2019,125,915,16,69,102
926,2019,Apr,3/8/2019,125,930,16,68,100
927,2019,Apr,3/8/2019,125,945,16,66,96
928,2019,Apr,3/8/2019,125,960,16,72,102
929,2019,Apr,3/8/2019,125,975,16,70,97
930,2019,Apr,3/8/2019,125,990,16,71,100
931,2019,Apr,3/8/2019,125,1005,16,67,94
932,2019,Apr,3/8/2019,125,1020,16,69,96
933,2019,Apr,3/8/2019,125,1035,16,69,93
934,2019,Apr,3/8/2019,125,1050,16,70,93
935,2019,Apr,3/8/2019,125,1065,16,70,92
936,2019,Apr,3/8/2019,125,1080,16,71,92
937,2019,Apr,3/8/2019,125,1095,16,70,89
938,2019,Apr,3/8/2019,125,1110,16,72,90
939,2019,Apr,3/8/2019,125,1125,16,,90
940,2019,Apr,3/8/2019,125,1140,16,,92
941,2019,Apr,3/8/2019,125,1155,16,,90
942,2019,Apr,3/8/2019,125,1170,16,,90
943,2019,Apr,3/8/2019,125,1185,16,,89
944,2019,Apr,3/8/2019,125,1200,16,,88
945,2019,Apr,3/8/2019,125,1215,16,,86
946,2019,Apr,3/8/2019,125,1230,16,,86
947,2019,Apr,3/8/2019,125,1245,16,,85
948,2019,Apr,3/8/2019,125,1260,16,,83
949,2019,Apr,3/8/2019,125,1275,16,,80
950,2019,Apr,3/8/2019,125,1290,16,,77
951,2019,Apr,3/8/2019,125,1305,16,,76
952,2019,Apr,3/8/2019,125,1320,16,,74
953,2019,Apr,3/8/2019,125,1335,16,,73
954,2019,Apr,3/8/2019,125,1350,16,,71
955,2019,Apr,3/8/2019,125,1365,16,,69
956,2019,Apr,3/8/2019,125,1380,16,,67
957,2019,Apr,3/8/2019,125,1395,16,,63
958,2019,Apr,3/8/2019,125,1410,16,,62
959,2019,Apr,3/8/2019,125,1425,16,,61
960,2019,Apr,3/8/2019,125,1440,16,,60
961,2019,May,3/30/2019,123,15,17,,52
962,2019,May,3/30/2019,123,30,17,,52
963,2019,May,3/30/2019,123,45,17,,53
964,2019,May,3/30/2019,123,60,17,,51
965,2019,May,3/30/2019,123,75,17,,50
966,2019,May,3/30/2019,123,90,17,,50
967,2019,May,3/30/2019,123,105,17,,51
968,2019,May,3/30/2019,123,120,17,,54
969,2019,May,3/30/2019,123,135,17,,54
970,2019,May,3/30/2019,123,150,17,,52
971,2019,May,3/30/2019,123,165,17,,51
972,2019,May,3/30/2019,123,180,17,,51
973,2019,May,3/30/2019,123,195,17,,52
974,2019,May,3/30/2019,123,210,17,,50
975,2019,May,3/30/2019,123,225,17,,49
976,2019,May,3/30/2019,123,240,17,,47
977,2019,May,3/30/2019,123,255,17,,47
978,2019,May,3/30/2019,123,270,17,,46
979,2019,May,3/30/2019,123,285,17,,46
980,2019,May,3/30/2019,123,300,17,,48
981,2019,May,3/30/2019,123,315,17,,49
982,2019,May,3/30/2019,123,330,17,,49
983,2019,May,3/30/2019,123,345,17,,51
984,2019,May,3/30/2019,123,360,17,,52
985,2019,May,3/30/2019,123,375,17,,52
986,2019,May,3/30/2019,123,390,17,,52
987,2019,May,3/30/2019,123,405,17,,55
988,2019,May,3/30/2019,123,420,17,,56
989,2019,May,3/30/2019,123,435,17,,64
990,2019,May,3/30/2019,123,450,17,52,70
991,2019,May,3/30/2019,123,465,17,54,73
992,2019,May,3/30/2019,123,480,17,51,70
993,2019,May,3/30/2019,123,495,17,52,72
994,2019,May,3/30/2019,123,510,17,53,74
995,2019,May,3/30/2019,123,525,17,55,77
996,2019,May,3/30/2019,123,540,17,54,76
997,2019,May,3/30/2019,123,555,17,60,81
998,2019,May,3/30/2019,123,570,17,62,81
999,2019,May,3/30/2019,123,585,17,59,78
1000,2019,May,3/30/2019,123,600,17,56,77
1001,2019,May,3/30/2019,123,615,17,54,78
1002,2019,May,3/30/2019,123,630,17,54,80
1003,2019,May,3/30/2019,123,645,17,56,81
1004,2019,May,3/30/2019,123,660,17,57,83
1005,2019,May,3/30/2019,123,675,17,60,85
1006,2019,May,3/30/2019,123,690,17,57,78
1007,2019,May,3/30/2019,123,705,17,56,80
1008,2019,May,3/30/2019,123,720,17,56,82
1009,2019,May,3/30/2019,123,735,17,61,87
1010,2019,May,3/30/2019,123,750,17,58,80
1011,2019,May,3/30/2019,123,765,17,54,78
1012,2019,May,3/30/2019,123,780,17,53,80
1013,2019,May,3/30/2019,123,795,17,53,90
1014,2019,May,3/30/2019,123,810,17,56,82
1015,2019,May,3/30/2019,123,825,17,58,82
1016,2019,May,3/30/2019,123,840,17,58,80
1017,2019,May,3/30/2019,123,855,17,59,82
1018,2019,May,3/30/2019,123,870,17,60,82
1019,2019,May,3/30/2019,123,885,17,62,83
1020,2019,May,3/30/2019,123,900,17,57,77
1021,2019,May,3/30/2019,123,915,17,52,75
1022,2019,May,3/30/2019,123,930,17,54,82
1023,2019,May,3/30/2019,123,945,17,55,81
1024,2019,May,3/30/2019,123,960,17,54,83
1025,2019,May,3/30/2019,123,975,17,56,83
1026,2019,May,3/30/2019,123,990,17,66,91
1027,2019,May,3/30/2019,123,1005,17,67,90
1028,2019,May,3/30/2019,123,1020,17,64,85
1029,2019,May,3/30/2019,123,1035,17,63,86
1030,2019,May,3/30/2019,123,1050,17,63,85
1031,2019,May,3/30/2019,123,1065,17,63,84
1032,2019,May,3/30/2019,123,1080,17,63,83
1033,2019,May,3/30/2019,123,1095,17,64,84
1034,2019,May,3/30/2019,123,1110,17,67,86
1035,2019,May,3/30/2019,123,1125,17,68,87
1036,2019,May,3/30/2019,123,1140,17,,84
1037,2019,May,3/30/2019,123,1155,17,,84
1038,2019,May,3/30/2019,123,1170,17,,83
1039,2019,May,3/30/2019,123,1185,17,,83
1040,2019,May,3/30/2019,123,1200,17,,83
1041,2019,May,3/30/2019,123,1215,17,,83
1042,2019,May,3/30/2019,123,1230,17,,85
1043,2019,May,3/30/2019,123,1245,17,,80
1044,2019,May,3/30/2019,123,1260,17,,75
1045,2019,May,3/30/2019,123,1275,17,,71
1046,2019,May,3/30/2019,123,1290,17,,70
1047,2019,May,3/30/2019,123,1305,17,,70
1048,2019,May,3/30/2019,123,1320,17,,68
1049,2019,May,3/30/2019,123,1335,17,,65
1050,2019,May,3/30/2019,123,1350,17,,62
1051,2019,May,3/30/2019,123,1365,17,,60
1052,2019,May,3/30/2019,123,1380,17,,60
1053,2019,May,3/30/2019,123,1395,17,,55
1054,2019,May,3/30/2019,123,1410,17,,54
1055,2019,May,3/30/2019,123,1425,17,,53
1056,2019,May,3/30/2019,123,1440,17,,52
1057,2019,Jun,6/10/2019,124,15,23,,53
1058,2019,Jun,6/10/2019,124,30,23,,52
1059,2019,Jun,6/10/2019,124,45,23,,52
1060,2019,Jun,6/10/2019,124,60,23,,51
1061,2019,Jun,6/10/2019,124,75,23,,52
1062,2019,Jun,6/10/2019,124,90,23,,51
1063,2019,Jun,6/10/2019,124,105,23,,51
1064,2019,Jun,6/10/2019,124,120,23,,51
1065,2019,Jun,6/10/2019,124,135,23,,50
1066,2019,Jun,6/10/2019,124,150,23,,50
1067,2019,Jun,6/10/2019,124,165,23,,50
1068,2019,Jun,6/10/2019,124,180,23,,50
1069,2019,Jun,6/10/2019,124,195,23,,50
1070,2019,Jun,6/10/2019,124,210,23,,50
1071,2019,Jun,6/10/2019,124,225,23,,50
1072,2019,Jun,6/10/2019,124,240,23,,49
1073,2019,Jun,6/10/2019,124,255,23,,48
1074,2019,Jun,6/10/2019,124,270,23,,49
1075,2019,Jun,6/10/2019,124,285,23,,49
1076,2019,Jun,6/10/2019,124,300,23,,50
1077,2019,Jun,6/10/2019,124,315,23,,50
1078,2019,Jun,6/10/2019,124,330,23,,50
1079,2019,Jun,6/10/2019,124,345,23,,51
1080,2019,Jun,6/10/2019,124,360,23,,51
1081,2019,Jun,6/10/2019,124,375,23,,52
1082,2019,Jun,6/10/2019,124,390,23,,48
1083,2019,Jun,6/10/2019,124,405,23,24,48
1084,2019,Jun,6/10/2019,124,420,23,26,50
1085,2019,Jun,6/10/2019,124,435,23,28,53
1086,2019,Jun,6/10/2019,124,450,23,30,55
1087,2019,Jun,6/10/2019,124,465,23,33,59
1088,2019,Jun,6/10/2019,124,480,23,36,63
1089,2019,Jun,6/10/2019,124,495,23,50,78
1090,2019,Jun,6/10/2019,124,510,23,49,78
1091,2019,Jun,6/10/2019,124,525,23,50,80
1092,2019,Jun,6/10/2019,124,540,23,49,81
1093,2019,Jun,6/10/2019,124,555,23,47,80
1094,2019,Jun,6/10/2019,124,570,23,54,87
1095,2019,Jun,6/10/2019,124,585,23,57,90
1096,2019,Jun,6/10/2019,124,600,23,50,85
1097,2019,Jun,6/10/2019,124,615,23,50,85
1098,2019,Jun,6/10/2019,124,630,23,50,86
1099,2019,Jun,6/10/2019,124,645,23,50,87
1100,2019,Jun,6/10/2019,124,660,23,51,87
1101,2019,Jun,6/10/2019,124,675,23,52,89
1102,2019,Jun,6/10/2019,124,690,23,53,91
1103,2019,Jun,6/10/2019,124,705,23,54,92
1104,2019,Jun,6/10/2019,124,720,23,53,92
1105,2019,Jun,6/10/2019,124,735,23,55,93
1106,2019,Jun,6/10/2019,124,750,23,53,92
1107,2019,Jun,6/10/2019,124,765,23,56,95
1108,2019,Jun,6/10/2019,124,780,23,59,98
1109,2019,Jun,6/10/2019,124,795,23,58,96
1110,2019,Jun,6/10/2019,124,810,23,57,95
1111,2019,Jun,6/10/2019,124,825,23,59,97
1112,2019,Jun,6/10/2019,124,840,23,61,99
1113,2019,Jun,6/10/2019,124,855,23,62,99
1114,2019,Jun,6/10/2019,124,870,23,55,88
1115,2019,Jun,6/10/2019,124,885,23,54,92
1116,2019,Jun,6/10/2019,124,900,23,55,93
1117,2019,Jun,6/10/2019,124,915,23,55,93
1118,2019,Jun,6/10/2019,124,930,23,56,93
1119,2019,Jun,6/10/2019,124,945,23,58,95
1120,2019,Jun,6/10/2019,124,960,23,58,91
1121,2019,Jun,6/10/2019,124,975,23,62,95
1122,2019,Jun,6/10/2019,124,990,23,63,93
1123,2019,Jun,6/10/2019,124,1005,23,60,89
1124,2019,Jun,6/10/2019,124,1020,23,58,87
1125,2019,Jun,6/10/2019,124,1035,23,59,90
1126,2019,Jun,6/10/2019,124,1050,23,58,87
1127,2019,Jun,6/10/2019,124,1065,23,58,87
1128,2019,Jun,6/10/2019,124,1080,23,59,87
1129,2019,Jun,6/10/2019,124,1095,23,57,84
1130,2019,Jun,6/10/2019,124,1110,23,57,83
1131,2019,Jun,6/10/2019,124,1125,23,56,81
1132,2019,Jun,6/10/2019,124,1140,23,56,80
1133,2019,Jun,6/10/2019,124,1155,23,55,80
1134,2019,Jun,6/10/2019,124,1170,23,,80
1135,2019,Jun,6/10/2019,124,1185,23,,77
1136,2019,Jun,6/10/2019,124,1200,23,,73
1137,2019,Jun,6/10/2019,124,1215,23,,75
1138,2019,Jun,6/10/2019,124,1230,23,,75
1139,2019,Jun,6/10/2019,124,1245,23,,75
1140,2019,Jun,6/10/2019,124,1260,23,,74
1141,2019,Jun,6/10/2019,124,1275,23,,69
1142,2019,Jun,6/10/2019,124,1290,23,,63
1143,2019,Jun,6/10/2019,124,1305,23,,60
1144,2019,Jun,6/10/2019,124,1320,23,,59
1145,2019,Jun,6/10/2019,124,1335,23,,57
1146,2019,Jun,6/10/2019,124,1350,23,,56
1147,2019,Jun,6/10/2019,124,1365,23,,55
1148,2019,Jun,6/10/2019,124,1380,23,,56
1149,2019,Jun,6/10/2019,124,1395,23,,55
1150,2019,Jun,6/10/2019,124,1410,23,,55
1151,2019,Jun,6/10/2019,124,1425,23,,54
1152,2019,Jun,6/10/2019,124,1440,23,,54
